Workbook

Sheet Override
A1: Gestor | B1: Proyecto | C1: Presupuesto | D1: Rcdo Presupuestado | E1: Cumplimiento Ppto | F1: Rcdo No pptado (sin Cashout) | G1: Total Rcdo Bonificable | H1: Ov | I1: Bono Override
A2: Darcy Julio | B2: Sandville Beach | C2: =+SUMIFS('Sandville Beach'!L:L,'Sandville Beach'!P:P,Override!A2) -> 0 | D2: =+SUMIFS('Sandville Beach'!M:M,'Sandville Beach'!P:P,Override!A2) -> 0 | E2: =+D2/C2 -> #DIV/0! | F2: =+SUMIFS('Sandville Beach'!N:N,'Sandville Beach'!P:P,Override!A2,'Sandville Beach'!Q:Q,"No") -> 0 | G2: =+D2+F2 -> 0 | H2: 0.0015 | I2: =+G2*H2 -> 0
A3: Darcy Julio | B3: Perla del Mar | C3: =+SUMIFS('Perla del Mar'!L:L,'Perla del Mar'!P:P,Override!A3) -> 0 | D3: =+SUMIFS('Perla del Mar'!M:M,'Perla del Mar'!P:P,Override!A3) -> 0 | E3: =+D3/C3 -> #DIV/0! | F3: =+SUMIFS('Perla del Mar'!N:N,'Perla del Mar'!P:P,Override!A3,'Perla del Mar'!Q:Q,"No") -> 0 | G3: =+D3+F3 -> 0 | H3: 0.0015 | I3: =+G3*H3 -> 0
A4: TOTAL DARCY JULIO | I4: =SUM(I2:I3) -> 0
A5: Gestor | B5: Proyecto | C5: Presupuesto | D5: Rcdo Presupuestado | E5: Cumplimiento Ppto | F5: Rcdo No pptado (sin Cashout) | G5: Total Rcdo Bonificable | H5: Ov | I5: Bono Override
A6: Nelson Suarez | B6: Tesoro Escondido | C6: =+SUMIFS('Tesoro Escondido'!L:L,'Tesoro Escondido'!P:P,Override!A6,'Tesoro Escondido'!F:F,"Comercial") -> 0 | D6: =+SUMIFS('Tesoro Escondido'!M:M,'Tesoro Escondido'!P:P,Override!A6,'Tesoro Escondido'!F:F,"Comercial") -> 0 | E6: =+D6/C6 -> #DIV/0! | F6: =+SUMIFS('Tesoro Escondido'!N:N,'Tesoro Escondido'!P:P,Override!A6,'Tesoro Escondido'!Q:Q,"No") -> 0 | G6: =+D6+F6 -> 0 | H6: 0.0015 | I6: =+G6*H6 -> 0
A7: Nelson Suarez | B7: Vegas de Venecia | C7: =+SUMIFS('Vegas de Venecia'!L:L,'Vegas de Venecia'!P:P,Override!A7,'Vegas de Venecia'!F:F,"Comercial") -> 0 | D7: =+SUMIFS('Vegas de Venecia'!M:M,'Vegas de Venecia'!P:P,Override!A7,'Vegas de Venecia'!F:F,"Comercial") -> 0 | E7: =+D7/C7 -> #DIV/0! | F7: =+SUMIFS('Vegas de Venecia'!N:N,'Vegas de Venecia'!P:P,Override!A7,'Vegas de Venecia'!Q:Q,"No") -> 0 | G7: =+D7+F7 -> 0 | H7: 0.0015 | I7: =+G7*H7 -> 0
A8: Nelson Suarez | B8: Perla del Mar | C8: =+SUMIFS('Perla del Mar'!L:L,'Perla del Mar'!P:P,Override!A8,'Perla del Mar'!F:F,"Comercial") -> 0 | D8: =+SUMIFS('Perla del Mar'!M:M,'Perla del Mar'!P:P,Override!A8,'Perla del Mar'!F:F,"Comercial") -> 0 | E8: =+D8/C8 -> #DIV/0! | F8: =+SUMIFS('Perla del Mar'!N:N,'Perla del Mar'!P:P,Override!A8,'Perla del Mar'!Q:Q,"No") -> 0 | G8: =+D8+F8 -> 0 | H8: 0.0015 | I8: =+G8*H8 -> 0
A9: Nelson Suarez | B9: Carmelo Reservado | C9: =+SUMIFS('Carmelo Reservado'!L:L,'Carmelo Reservado'!P:P,Override!A9,'Carmelo Reservado'!F:F,"Comercial") -> 0 | D9: =+SUMIFS('Carmelo Reservado'!M:M,'Carmelo Reservado'!P:P,Override!A9,'Carmelo Reservado'!F:F,"Comercial") -> 0 | E9: =+D9/C9 -> #DIV/0! | F9: =+SUMIFS('Carmelo Reservado'!N:N,'Carmelo Reservado'!P:P,Override!A9,'Carmelo Reservado'!Q:Q,"No") -> 0 | G9: =+D9+F9 -> 0 | H9: 0.0015 | I9: =+G9*H9 -> 0
A10: SUBTOTAL NELSON SUAREZ CARTERA CCIAL | I10: =SUM(I6:I9) -> 0
A11: Gestor | B11: Proyecto | C11: Presupuesto | D11: Rcdo Presupuestado | E11: Cumplimiento Ppto | F11: Rcdo No pptado (sin Cashout) | G11: Total Rcdo Bonificable | H11: Ov | I11: Bono Override
A12: Nelson Suarez | B12: Tesoro Escondido | C12: =+SUMIFS('Tesoro Escondido'!L:L,'Tesoro Escondido'!P:P,Override!A12,'Tesoro Escondido'!F:F,"Administrativa") -> 0 | D12: =+SUMIFS('Tesoro Escondido'!M:M,'Tesoro Escondido'!P:P,Override!A12,'Tesoro Escondido'!F:F,"Administrativa") -> 0 | E12: =+D12/C12 -> #DIV/0! | F12: =+SUMIFS('Tesoro Escondido'!N:N,'Tesoro Escondido'!P:P,Override!A12,'Tesoro Escondido'!Q:Q,"No") -> 0 | G12: =+D12+F12 -> 0 | H12: 0.0015 | I12: =+G12*H12 -> 0
A13: Nelson Suarez | B13: Vegas de Venecia | C13: =+SUMIFS('Vegas de Venecia'!L:L,'Vegas de Venecia'!P:P,Override!A13,'Vegas de Venecia'!F:F,"Administrativa") -> 0 | D13: =+SUMIFS('Vegas de Venecia'!M:M,'Vegas de Venecia'!P:P,Override!A13,'Vegas de Venecia'!F:F,"Administrativa") -> 0 | E13: =+D13/C13 -> #DIV/0! | F13: =+SUMIFS('Vegas de Venecia'!N:N,'Vegas de Venecia'!P:P,Override!A13,'Vegas de Venecia'!Q:Q,"No") -> 0 | G13: =+D13+F13 -> 0 | H13: 0.0015 | I13: =+G13*H13 -> 0
A14: Nelson Suarez | B14: Sandville Beach | C14: =+SUMIFS('Sandville Beach'!L:L,'Sandville Beach'!P:P,Override!A14,'Sandville Beach'!F:F,"Administrativa") -> 0 | D14: =+SUMIFS('Sandville Beach'!M:M,'Sandville Beach'!P:P,Override!A14,'Sandville Beach'!F:F,"Administrativa") -> 0 | E14: =+D14/C14 -> #DIV/0! | F14: =+SUMIFS('Sandville Beach'!N:N,'Sandville Beach'!P:P,Override!A14,'Sandville Beach'!Q:Q,"No") -> 0 | G14: =+D14+F14 -> 0 | H14: 0.0015 | I14: =+G14*H14 -> 0
A15: Nelson Suarez | B15: Carmelo Reservado | C15: =+SUMIFS('Carmelo Reservado'!L:L,'Carmelo Reservado'!P:P,Override!A15,'Carmelo Reservado'!F:F,"Administrativa") -> 0 | D15: =+SUMIFS('Carmelo Reservado'!M:M,'Carmelo Reservado'!P:P,Override!A15,'Carmelo Reservado'!F:F,"Administrativa") -> 0 | E15: =+D15/C15 -> #DIV/0! | F15: =+SUMIFS('Carmelo Reservado'!N:N,'Carmelo Reservado'!P:P,Override!A15,'Carmelo Reservado'!Q:Q,"No") -> 0 | G15: =+D15+F15 -> 0 | H15: 0.0015 | I15: =+G15*H15 -> 0
A16: Nelson Suarez | B16: Perla del Mar | C16: =+SUMIFS('Perla del Mar'!L:L,'Perla del Mar'!P:P,Override!A16,'Perla del Mar'!F:F,"Administrativa") -> 0 | D16: =+SUMIFS('Perla del Mar'!M:M,'Perla del Mar'!P:P,Override!A16,'Perla del Mar'!F:F,"Administrativa") -> 0 | E16: =+D16/C16 -> #DIV/0! | F16: =+SUMIFS('Perla del Mar'!N:N,'Perla del Mar'!P:P,Override!A16,'Perla del Mar'!Q:Q,"No") -> 0 | G16: =+D16+F16 -> 0 | H16: 0.0015 | I16: =+G16*H16 -> 0
A17: SUBTOTAL NELSON SUAREZ CARTERA ADMIN | I17: =SUM(I12:I16) -> 0
A18: Gestor | B18: Proyecto | C18: Presupuesto | D18: Rcdo Presupuestado | E18: Cumplimiento Ppto | F18: Rcdo No pptado (sin Cashout) | G18: Total Rcdo Bonificable | H18: Ov | I18: Bono Override
A19: Nelson Suarez | B19: Tesoro Escondido | C19: =+C12 -> 0 | D19: =+D12 -> 0 | E19: =+D19/C19 -> #DIV/0! | F19: =+F12 -> 0 | G19: =+F19+D19 -> 0 | H19: =+IF(Override!E19<Escalas!$A$3,Escalas!$B$2,IF(Override!E19<Escalas!$A$4,Escalas!$B$3,IF(Override!E19<Escalas!$A$5,Escalas!$B$4,Escalas!$B$5))) -> #DIV/0! | I19: =+G19*H19 -> #DIV/0!
A20: Nelson Suarez | B20: Vegas de Venecia | C20: =+C13 -> 0 | D20: =+D13 -> 0 | E20: =+D20/C20 -> #DIV/0! | F20: =+F13 -> 0 | G20: =+F20+D20 -> 0 | H20: =+IF(Override!E20<Escalas!$A$3,Escalas!$B$2,IF(Override!E20<Escalas!$A$4,Escalas!$B$3,IF(Override!E20<Escalas!$A$5,Escalas!$B$4,Escalas!$B$5))) -> #DIV/0! | I20: =+G20*H20 -> #DIV/0!
A21: Nelson Suarez | B21: Sandville Beach | C21: =+C14+C2 -> 0 | D21: =+D14+D2 -> 0 | E21: =+D21/C21 -> #DIV/0! | F21: =+F14+F2 -> 0 | G21: =+F21+D21 -> 0 | H21: =+IF(Override!E21<Escalas!$A$3,Escalas!$B$2,IF(Override!E21<Escalas!$A$4,Escalas!$B$3,IF(Override!E21<Escalas!$A$5,Escalas!$B$4,Escalas!$B$5))) -> #DIV/0! | I21: =+G21*H21 -> #DIV/0!
A22: Nelson Suarez | B22: Perla del Mar | C22: =+C16+C3 -> 0 | D22: =+D16+D3 -> 0 | E22: =+D22/C22 -> #DIV/0! | F22: =+F16+F3+'Perla del Mar'!N37+'Perla del Mar'!N40 -> 0 | G22: =+F22+D22 -> 0 | H22: =+IF(Override!E22<Escalas!$A$3,Escalas!$B$2,IF(Override!E22<Escalas!$A$4,Escalas!$B$3,IF(Override!E22<Escalas!$A$5,Escalas!$B$4,Escalas!$B$5))) -> #DIV/0! | I22: =+G22*H22 -> #DIV/0!
A23: SUBTOTAL NELSON SUAREZ JEFE CARTERA | I23: =SUM(I19:I22) -> #DIV/0!
A24: TOTAL NELSON SUAREZ | I24: =+I23+I17+I10 -> #DIV/0!

Sheet Escalas
A1: Cumplimiento (Minimo) | B1: Bono
A2: 0.4 | B2: 0.001
A3: 0.6 | B3: 0.0012
A4: 0.9 | B4: 0.0014
A5: 1 | B5: 0.0016

Sheet Sandville Beach
A1: Adjudicacion | B1: Cliente | C1: Estado | D1: Origen | E1: Venta Mes | F1: Tipo Cartera | G1: Edad | H1: Cuota Mes | I1: Recaudo Mes | J1: Cuotas Vencidas | K1: Recaudo Vencido | L1: Presupuesto Total | M1: Recaudo Presupuestado | N1: Recaudo No Pptado | O1: Recaudo Total | P1: Asesor | Q1: Cashout

Sheet Perla del Mar
A1: Adjudicacion | B1: Cliente | C1: Estado | D1: Origen | E1: Venta Mes | F1: Tipo Cartera | G1: Edad | H1: Cuota Mes | I1: Recaudo Mes | J1: Cuotas Vencidas | K1: Recaudo Vencido | L1: Presupuesto Total | M1: Recaudo Presupuestado | N1: Recaudo No Pptado | O1: Recaudo Total | P1: Asesor | Q1: Cashout

Sheet Tesoro Escondido
A1: Adjudicacion | B1: Cliente | C1: Estado | D1: Origen | E1: Venta Mes | F1: Tipo Cartera | G1: Edad | H1: Cuota Mes | I1: Recaudo Mes | J1: Cuotas Vencidas | K1: Recaudo Vencido | L1: Presupuesto Total | M1: Recaudo Presupuestado | N1: Recaudo No Pptado | O1: Recaudo Total | P1: Asesor | Q1: Cashout

Sheet Vegas de Venecia
A1: Adjudicacion | B1: Cliente | C1: Estado | D1: Origen | E1: Venta Mes | F1: Tipo Cartera | G1: Edad | H1: Cuota Mes | I1: Recaudo Mes | J1: Cuotas Vencidas | K1: Recaudo Vencido | L1: Presupuesto Total | M1: Recaudo Presupuestado | N1: Recaudo No Pptado | O1: Recaudo Total | P1: Asesor | Q1: Cashout

Sheet Carmelo Reservado
A1: Adjudicacion | B1: Cliente | C1: Estado | D1: Origen | E1: Venta Mes | F1: Tipo Cartera | G1: Edad | H1: Cuota Mes | I1: Recaudo Mes | J1: Cuotas Vencidas | K1: Recaudo Vencido | L1: Presupuesto Total | M1: Recaudo Presupuestado | N1: Recaudo No Pptado | O1: Recaudo Total | P1: Asesor | Q1: Cashout

Sheet Fractal
A1: Adjudicacion | B1: Cliente | C1: Estado | D1: Origen | E1: Venta Mes | F1: Tipo Cartera | G1: Edad | H1: Cuota Mes | I1: Recaudo Mes | J1: Cuotas Vencidas | K1: Recaudo Vencido | L1: Presupuesto Total | M1: Recaudo Presupuestado | N1: Recaudo No Pptado | O1: Recaudo Total | P1: Asesor | Q1: Cashout

Sheet Casas de Verano
A1: Adjudicacion | B1: Cliente | C1: Estado | D1: Origen | E1: Venta Mes | F1: Tipo Cartera | G1: Edad | H1: Cuota Mes | I1: Recaudo Mes | J1: Cuotas Vencidas | K1: Recaudo Vencido | L1: Presupuesto Total | M1: Recaudo Presupuestado | N1: Recaudo No Pptado | O1: Recaudo Total | P1: Asesor | Q1: Cashout
